source,target
ETH,BTC
BTC,LTC
BTC,BNB
NEO,BTC
QTUM,ETH
ETH,EOS
SNT,ETH
ETH,BNT
BCC,BTC
GAS,BTC
ETH,BNB
USDT,BTC
ETH,USDT
OAX,ETH
ETH,DNT
ETH,MCO
BTC,MCO
BTC,WTC
ETH,WTC
BTC,LRC
ETH,LRC
QTUM,BTC
BTC,YOYO
OMG,BTC
OMG,ETH
ZRX,BTC
ZRX,ETH
BTC,STRAT
ETH,STRAT
KNC,BTC
KNC,ETH
FUN,BTC
ETH,FUN
SNM,BTC
SNM,ETH
ETH,NEO
BTC,IOTA
ETH,IOTA
BTC,LINK
ETH,LINK
XVG,BTC
ETH,XVG
MTL,BTC
ETH,MTL
EOS,BTC
SNT,BTC
ETC,ETH
ETC,BTC
DNT,BTC
ZEC,BTC
ETH,ZEC
BNT,BTC
AST,BTC
ETH,AST
DASH,BTC
DASH,ETH
OAX,BTC
BTG,BTC
ETH,BTG
REQ,BTC
REQ,ETH
VIB,BTC
ETH,VIB
TRX,BTC
TRX,ETH
BTC,POWR
ETH,POWR
ARK,BTC
ETH,ARK
ETH,YOYO
XRP,BTC
ETH,XRP
ENJ,BTC
ENJ,ETH
STORJ,BTC
ETH,STORJ
USDT,BNB
VEN,BNB
BNB,YOYO
POWR,BNB
VEN,BTC
VEN,ETH
BTC,KMD
ETH,KMD
NULS,BNB
RCN,BTC
ETH,RCN
RCN,BNB
NULS,BTC
NULS,ETH
RDN,BTC
ETH,RDN
RDN,BNB
BTC,XMR
ETH,XMR
DLT,BNB
WTC,BNB
BTC,DLT
ETH,DLT
BTC,AMB
ETH,AMB
AMB,BNB
ETH,BCC
USDT,BCC
BCC,BNB
BTC,BAT
ETH,BAT
BNB,BAT
BTC,BCPT
ETH,BCPT
BNB,BCPT
BTC,GXS
ETH,GXS
NEO,USDT
NEO,BNB
QSP,BTC
QSP,ETH
QSP,BNB
BTS,BTC
ETH,BTS
BTS,BNB
XZC,BTC
XZC,ETH
XZC,BNB
LSK,BTC
ETH,LSK
LSK,BNB
MANA,BTC
MANA,ETH
IOTA,BNB
ADX,BTC
ETH,ADX
ADX,BNB
BTC,ADA
ETH,ADA
CMT,BTC
ETH,CMT
CMT,BNB
XLM,BTC
ETH,XLM
XLM,BNB
CND,BTC
CND,ETH
CND,BNB
LEND,BTC
ETH,LEND
WABI,BTC
ETH,WABI
WABI,BNB
ETH,LTC
USDT,LTC
LTC,BNB
WAVES,BTC
ETH,WAVES
WAVES,BNB
GTO,BTC
ETH,GTO
GTO,BNB
BTC,ICX
ETH,ICX
BNB,ICX
OST,BTC
OST,ETH
OST,BNB
ELF,BTC
ETH,ELF
AION,BTC
ETH,AION
AION,BNB
NEBL,BTC
NEBL,BNB
BRD,BTC
ETH,BRD
BRD,BNB
MCO,BNB
BTC,NAV
ETH,NAV
BNB,NAV
TRIG,BTC
ETH,TRIG
TRIG,BNB
APPC,BTC
APPC,ETH
APPC,BNB
RLC,BTC
RLC,ETH
RLC,BNB
PIVX,BTC
PIVX,BNB
IOST,BTC
IOST,ETH
STEEM,BTC
STEEM,ETH
STEEM,BNB
NANO,BTC
NANO,ETH
NANO,BNB
BTC,VIA
ETH,VIA
BNB,VIA
BLZ,BTC
BLZ,ETH
BLZ,BNB
AE,BTC
ETH,AE
AE,BNB
RPX,BTC
ETH,RPX
RPX,BNB
NCASH,BTC
ETH,NCASH
NCASH,BNB
POA,BTC
POA,ETH
POA,BNB
BTC,ZIL
ETH,ZIL
BNB,ZIL
ONT,BTC
ETH,ONT
ONT,BNB
STORM,BTC
ETH,STORM
STORM,BNB
QTUM,BNB
QTUM,USDT
BTC,XEM
ETH,XEM
BNB,XEM
WAN,BTC
WAN,ETH
WAN,BNB
BTC,QLC
ETH,QLC
SYS,BTC
SYS,ETH
SYS,BNB
QLC,BNB
USDT,ADA
ADA,BNB
BTC,GNT
ETH,GNT
GNT,BNB
BTC,LOOM
ETH,LOOM
BNB,LOOM
XRP,USDT
BCN,BTC
ETH,BCN
BCN,BNB
BTC,REP
BNB,REP
TUSD,BTC
TUSD,BTC
TUSD,ETH
TUSD,ETH
TUSD,BNB
ZEN,BTC
ZEN,ETH
ZEN,BNB
SKY,BTC
ETH,SKY
SKY,BNB
USDT,EOS
EOS,BNB
CVC,BTC
ETH,CVC
CVC,BNB
BTC,THETA
ETH,THETA
THETA,BNB
XRP,BNB
TUSD,USDT
USDT,IOTA
USDT,XLM
IOTX,BTC
ETH,IOTX
QKC,BTC
QKC,ETH
AGI,BTC
AGI,ETH
AGI,BNB
BTC,NXS
ETH,NXS
NXS,BNB
ENJ,BNB
DATA,BTC
DATA,ETH
USDT,ONT
TRX,BNB
TRX,USDT
ETC,USDT
ETC,BNB
USDT,ICX
SC,BTC
ETH,SC
NPXS,BTC
NPXS,ETH
VEN,USDT
KEY,BTC
KEY,ETH
BTC,NAS
ETH,NAS
BNB,NAS
BTC,MFT
ETH,MFT
BNB,MFT
BTC,DENT
ETH,DENT
BTC,ARDR
ETH,ARDR
BNB,ARDR
NULS,USDT
BTC,HOT
ETH,HOT
VET,BTC
VET,ETH
VET,USDT
VET,BNB
BTC,DOCK
ETH,DOCK
POLY,BTC
POLY,BNB
PHX,BTC
PHX,ETH
PHX,BNB
HC,BTC
HC,ETH
PAX,BTC
PAX,BNB
PAX,USDT
ETH,PAX
RVN,BTC
BTC,DCR
DCR,BNB
USDC,BNB
BTC,MITH
BNB,MITH
BCHABC,BTC
BCHSV,BTC
BCHABC,USDT
USDT,BCHSV
PAX,BNB
PAX,BTC
ETH,PAX
PAX,XRP
PAX,EOS
PAX,XLM
REN,BTC
REN,BNB
TUSD,BNB
TUSD,XRP
TUSD,EOS
TUSD,XLM
USDC,BNB
USDC,BTC
ETH,USDC
XRP,USDC
EOS,USDC
XLM,USDC
USDT,USDC
TUSD,ADA
TRX,TUSD
TUSD,NEO
TRX,XRP
XZC,XRP
TUSD,PAX
TUSD,USDC
PAX,USDC
USDT,LINK
TUSD,LINK
PAX,LINK
USDC,LINK
WAVES,USDT
TUSD,WAVES
PAX,WAVES
WAVES,USDC
BCHABC,TUSD
BCHABC,PAX
BCHABC,USDC
TUSD,BCHSV
PAX,BCHSV
BCHSV,USDC
TUSD,LTC
PAX,LTC
USDC,LTC
TRX,PAX
TRX,USDC
BTC,BTT
BNB,BTT
USDT,BTT
USDS,BNB
BTC,USDS
USDT,USDS
PAX,USDS
TUSD,USDS
USDC,USDS
PAX,BTT
TUSD,BTT
USDC,BTT
ONG,BNB
ONG,BTC
ONG,USDT
HOT,BNB
USDT,HOT
USDT,ZIL
ZRX,BNB
ZRX,USDT
FET,BNB
FET,BTC
USDT,FET
USDT,BAT
BNB,XMR
USDT,XMR
ZEC,BNB
USDT,ZEC
PAX,ZEC
TUSD,ZEC
ZEC,USDC
IOST,USDT
CELR,BNB
CELR,BTC
CELR,USDT
PAX,ADA
USDC,ADA
PAX,NEO
NEO,USDC
DASH,BNB
DASH,USDT
NANO,USDT
OMG,BNB
OMG,USDT
USDT,THETA
ENJ,USDT
USDT,MITH
MATIC,BNB
MATIC,BTC
MATIC,USDT
ATOM,BNB
ATOM,BTC
USDT,ATOM
ATOM,USDC
PAX,ATOM
TUSD,ATOM
ETC,USDC
ETC,PAX
ETC,TUSD
USDC,BAT
PAX,BAT
TUSD,BAT
PHB,BNB
BTC,PHB
USDC,PHB
TUSD,PHB
PAX,PHB
TFUEL,BNB
TFUEL,BTC
TFUEL,USDT
TFUEL,USDC
TFUEL,TUSD
TFUEL,PAX
ONE,BNB
ONE,BTC
ONE,USDT
TUSD,ONE
PAX,ONE
ONE,USDC
FTM,BNB
FTM,BTC
FTM,USDT
TUSD,FTM
PAX,FTM
FTM,USDC
TUSD,BCPT
PAX,BCPT
USDC,BCPT
ALGO,BNB
ALGO,BTC
ALGO,USDT
TUSD,ALGO
PAX,ALGO
ALGO,USDC
GTO,USDT
PAX,GTO
TUSD,GTO
GTO,USDC
ERD,BNB
ERD,BTC
ERD,USDT
ERD,PAX
ERD,USDC
DOGE,BNB
DOGE,BTC
DOGE,USDT
DOGE,PAX
DOGE,USDC
DUSK,BNB
DUSK,BTC
USDT,DUSK
DUSK,USDC
PAX,DUSK
ANKR,BNB
ANKR,BTC
ANKR,USDT
ANKR,TUSD
ANKR,PAX
ANKR,USDC
PAX,ONT
ONT,USDC
WIN,BNB
WIN,BTC
WIN,USDT
WIN,USDC
BNB,COS
BTC,COS
USDT,COS
NPXS,USDT
NPXS,USDC
COCOS,BNB
COCOS,BTC
COCOS,USDT
USDT,MTL
TOMO,BNB
BTC,TOMO
USDT,TOMO
USDC,TOMO
PERL,BNB
PERL,BTC
PERL,USDC
PERL,USDT
USDT,DENT
USDT,MFT
KEY,USDT
USDT,STORM
USDT,DOCK
WAN,USDT
USDT,FUN
CVC,USDT
TRX,BTT
TRX,WIN
CHZ,BNB
CHZ,BTC
CHZ,USDT
BAND,BNB
BTC,BAND
USDT,BAND
BUSD,BNB
BUSD,BTC
USDT,BUSD
BEAM,BNB
BEAM,BTC
BEAM,USDT
BNB,XTZ
BTC,XTZ
USDT,XTZ
REN,USDT
USDT,RVN
HC,USDT
HBAR,BNB
BTC,HBAR
USDT,HBAR
BNB,NKN
BTC,NKN
USDT,NKN
XRP,BUSD
ETH,BUSD
BCHABC,BUSD
BUSD,LTC
BUSD,LINK
ETC,BUSD
STX,BNB
STX,BTC
STX,USDT
KAVA,BNB
KAVA,BTC
USDT,KAVA
NGN,BUSD
NGN,BNB
NGN,BTC
ARPA,BNB
BTC,ARPA
USDT,ARPA
TRX,BUSD
EOS,BUSD
IOTX,USDT
RLC,USDT
USDT,MCO
XLM,BUSD
BUSD,ADA
CTXC,BNB
CTXC,BTC
CTXC,USDT
BCH,BNB
BCH,BTC
BCH,USDT
BCH,USDC
TUSD,BCH
BCH,PAX
BCH,BUSD
RUB,BTC
ETH,RUB
XRP,RUB
RUB,BNB
TROY,BNB
TROY,BTC
TROY,USDT
BUSD,RUB
QTUM,BUSD
VET,BUSD
VITE,BNB
VITE,BTC
USDT,VITE
FTT,BNB
FTT,BTC
FTT,USDT
TRY,BTC
TRY,BNB
TRY,BUSD
ETH,TRY
XRP,TRY
TRY,USDT
USDT,RUB
BTC,EUR
ETH,EUR
EUR,BNB
XRP,EUR
BUSD,EUR
USDT,EUR
OGN,BNB
BTC,OGN
USDT,OGN
DREP,BNB
DREP,BTC
DREP,USDT
TCT,BNB
TCT,BTC
TCT,USDT
BNB,WRX
BTC,WRX
USDT,WRX
BUSD,ICX
BTS,USDT
BTS,BUSD
USDT,LSK
USDT,BNT
BNT,BUSD
BNB,LTO
BTC,LTO
USDT,LTO
ATOM,BUSD
DASH,BUSD
NEO,BUSD
WAVES,BUSD
BUSD,XTZ
BUSD,BAT
ENJ,BUSD
NANO,BUSD
ONT,BUSD
BUSD,RVN
BUSD,STRAT
BNB,STRAT
USDT,STRAT
AION,BUSD
AION,USDT
MBL,BNB
MBL,BTC
USDT,MBL
COTI,BNB
COTI,BTC
USDT,COTI
ALGO,BUSD
BUSD,BTT
BUSD,TOMO
BUSD,XMR
BUSD,ZEC
STPT,BNB
STPT,BTC
STPT,USDT
BTC,ZAR
ETH,ZAR
BNB,ZAR
USDT,ZAR
BUSD,ZAR
BKRW,BTC
ETH,BKRW
BKRW,BNB
USDT,WTC
DATA,BUSD
DATA,USDT
XZC,USDT
SOL,BNB
SOL,BTC
SOL,USDT
SOL,BUSD
BTC,IDRT
IDRT,BNB
USDT,IDRT
BUSD,IDRT
BTC,CTSI
USDT,CTSI
BNB,CTSI
BUSD,CTSI
BNB,HIVE
BTC,HIVE
USDT,HIVE
CHR,BNB
CHR,BTC
USDT,CHR
USDT,GXS
USDT,ARDR
ERD,BUSD
USDT,LEND
BUSD,HBAR
MATIC,BUSD
BUSD,WRX
BUSD,ZIL
BNB,MDT
BTC,MDT
USDT,MDT
STMX,BTC
ETH,STMX
USDT,STMX
KNC,BUSD
KNC,USDT
BUSD,REP
USDT,REP
BUSD,LRC
USDT,LRC
IQ,BNB
BUSD,IQ
GBP,BTC
ETH,GBP
XRP,GBP
GBP,BNB
GBP,BUSD
DGB,BTC
DGB,BUSD
UAH,BTC
UAH,USDT
COMP,BTC
COMP,BNB
COMP,BUSD
USDT,COMP
BIDR,BTC
BIDR,ETH
BIDR,BNB
BIDR,BUSD
BIDR,USDT
BKRW,USDT
BKRW,BUSD
USDT,SC
ZEN,USDT
SXP,BTC
SXP,BNB
SXP,BUSD
SNX,BTC
SNX,BNB
SNX,BUSD
USDT,SNX
VTHO,BNB
BUSD,VTHO
USDT,VTHO
BUSD,DCR
USDT,DGB
GBP,USDT
STORJ,BUSD
USDT,SXP
IRIS,BNB
BTC,IRIS
BUSD,IRIS
BNB,MKR
BTC,MKR
USDT,MKR
BUSD,MKR
DAI,BNB
DAI,BTC
DAI,USDT
DAI,BUSD
RUNE,BNB
RUNE,BTC
RUNE,BUSD
MANA,BUSD
DOGE,BUSD
BUSD,LEND
ZRX,BUSD
USDT,DCR
STORJ,USDT
BKRW,XRP
BKRW,ADA
AUD,BTC
ETH,AUD
AUD,BUSD
FIO,BNB
BTC,FIO
BUSD,FIO
AVA,BNB
AVA,BTC
AVA,BUSD
BKRW,USDT
BKRW,BUSD
BUSD,IOTA
MANA,USDT
XRP,AUD
AUD,BNB
USDT,AUD
BAL,BNB
BTC,BAL
BUSD,BAL
BNB,YFI
BTC,YFI
BUSD,YFI
USDT,YFI
BLZ,BUSD
BUSD,KMD
USDT,BAL
BLZ,USDT
USDT,IRIS
USDT,KMD
DAI,BTC
ETH,DAI
DAI,BNB
DAI,USDT
DAI,BUSD
JST,BNB
JST,BTC
JST,BUSD
JST,USDT
SRM,BNB
SRM,BTC
SRM,BUSD
USDT,SRM
ANT,BNB
ANT,BTC
ANT,BUSD
USDT,ANT
CRV,BNB
CRV,BTC
CRV,BUSD
CRV,USDT
SAND,BNB
SAND,BTC
SAND,USDT
SAND,BUSD
OCEAN,BNB
OCEAN,BTC
OCEAN,BUSD
USDT,OCEAN
NMR,BTC
NMR,BUSD
NMR,USDT
DOT,BNB
BTC,DOT
BUSD,DOT
USDT,DOT
LUNA,BNB
LUNA,BTC
BUSD,LUNA
USDT,LUNA
BTC,IDEX
BUSD,IDEX
RSR,BNB
RSR,BTC
RSR,BUSD
RSR,USDT
PAXG,BNB
PAXG,BTC
PAXG,BUSD
PAXG,USDT
WNXM,BNB
WNXM,BTC
WNXM,BUSD
WNXM,USDT
TRB,BNB
TRB,BTC
TRB,BUSD
TRB,USDT
NGN,ETH
BIDR,DOT
AUD,LINK
SXP,AUD
BNB,BZRX
BTC,BZRX
BUSD,BZRX
USDT,BZRX
BTC,WBTC
ETH,WBTC
SUSHI,BNB
SUSHI,BTC
SUSHI,BUSD
USDT,SUSHI
YFII,BNB
YFII,BTC
YFII,BUSD
USDT,YFII
KSM,BNB
KSM,BTC
KSM,BUSD
KSM,USDT
EGLD,BNB
EGLD,BTC
EGLD,BUSD
USDT,EGLD
BNB,DIA
BTC,DIA
BUSD,DIA
USDT,DIA
RUNE,USDT
USDT,FIO
UMA,BTC
UMA,USDT
BIDR,SRM
BIDR,ONE
TRY,LINK
NGN,USDT
BEL,BNB
BEL,BTC
BEL,BUSD
BEL,USDT
WING,BNB
WING,BTC
WING,BUSD
WING,USDT
BKRW,LEND
SXP,EUR
CREAM,BNB
CREAM,BUSD
UNI,BNB
BTC,UNI
BUSD,UNI
USDT,UNI
OXT,BTC
OXT,USDT
SUN,BTC
SUN,USDT
AVAX,BNB
BTC,AVAX
BUSD,AVAX
USDT,AVAX
HNT,BTC
HNT,USDT
BAKE,BNB
BNB,BURGER
BIDR,SXP
BKRW,LINK
FLM,BNB
FLM,BTC
FLM,BUSD
FLM,USDT
BTC,SCRT
ETH,SCRT
CAKE,BNB
BUSD,CAKE
ORN,BTC
ORN,USDT
NGN,TRX
TRY,SXP
BTC,UTK
USDT,UTK
BNB,XVS
BTC,XVS
BUSD,XVS
USDT,XVS
ALPHA,BNB
ALPHA,BTC
ALPHA,BUSD
ALPHA,USDT
VIDT,BTC
VIDT,BUSD
AAVE,BNB
BRL,BTC
BRL,USDT
AAVE,BTC
ETH,AAVE
AAVE,BUSD
AAVE,USDT
BKRW,AAVE
BNB,NEAR
BTC,NEAR
BUSD,NEAR
USDT,NEAR
BKRW,DOT
GBP,SXP
BNB,FIL
BTC,FIL
BUSD,FIL
USDT,FIL
INJ,BNB
INJ,BTC
INJ,BUSD
USDT,INJ
BTC,AERGO
BUSD,AERGO
EUR,LINK
ONE,BUSD
BTC,AUDIO
BUSD,AUDIO
USDT,AUDIO
CTK,BNB
CTK,BTC
CTK,BUSD
USDT,CTK
ETH,BRL
DOT,EUR
BTC,AKRO
USDT,AKRO
KP3R,BNB
KP3R,BUSD
AXS,BNB
AXS,BTC
AXS,BUSD
AXS,USDT
BNB,HARD
BTC,HARD
BUSD,HARD
USDT,HARD
BRL,BNB
LTC,EUR
DNT,BUSD
USDT,DNT
ETH,SLP
EUR,ADA
NGN,LTC
ETH,CVP
CVP,BUSD
STRAX,BTC
STRAX,ETH
STRAX,BUSD
STRAX,USDT
FOR,BTC
BUSD,FOR
UNFI,BNB
UNFI,BTC
UNFI,BUSD
UNFI,USDT
ETH,FRONT
BUSD,FRONT
ROSE,BTC
ROSE,BUSD
ROSE,USDT
TRY,AVAX
BRL,BUSD
AVA,USDT
SYS,BUSD
USDT,XEM
PROM,BNB
PROM,BUSD
XRP,BRL
NGN,XRP
SKL,BTC
SKL,BUSD
SKL,USDT
BCH,EUR
EUR,YFI
BIDR,ZIL
BTC,SUSD
ETH,SUSD
USDT,SUSD
GLM,BTC
ETH,GLM
GHST,ETH
GHST,BUSD
BRL,LINK
NGN,LINK
RUB,LTC
TRX,TRY
XLM,EUR
ETH,DF
BUSD,DF
GRT,BTC
GRT,ETH
GRT,USDT
JUV,BTC
JUV,BUSD
JUV,USDT
PSG,BTC
PSG,BUSD
PSG,USDT
BTC,1INCH
USDT,1INCH
BTC,REEF
USDT,REEF
BTC,OG
USDT,OG
BTC,ATM
USDT,ATM
BTC,ASR
USDT,ASR
CELO,BTC
USDT,CELO
CHZ,TRY
TRY,XLM
GBP,LINK
GRT,EUR
BTC,BTCST
BUSD,BTCST
USDT,BTCST
TRU,BTC
TRU,BUSD
TRU,USDT
ETH,DEXE
DEXE,BUSD
EOS,EUR
BRL,LTC
BUSD,USDC
TUSD,BUSD
PAX,BUSD
CKB,BTC
CKB,BUSD
USDT,CKB
TWT,BTC
TWT,BUSD
TWT,USDT
FIRO,BTC
ETH,FIRO
USDT,FIRO
ETH,BETH
DOGE,EUR
DOGE,TRY
DOGE,AUD
DOGE,BRL
NGN,DOT
ETH,PROS
BTC,LIT
BUSD,LIT
USDT,LIT
VAI,BTC
VAI,BUSD
SFP,BTC
SFP,BUSD
USDT,SFP
DOGE,GBP
TRY,DOT
FXS,BTC
FXS,BUSD
BTC,DODO
BUSD,DODO
USDT,DODO
BTC,FRONT
BTC,CAKE
USDT,CAKE
BAKE,BUSD
ETH,UFT
UFT,BUSD
BUSD,1INCH
BUSD,BAND
GRT,BUSD
IOST,BUSD
OMG,BUSD
BUSD,REEF
ACM,BTC
ACM,BUSD
USDT,ACM
BTC,AUCTION
BUSD,AUCTION
PHA,BTC
PHA,BUSD
GBP,DOT
TRY,ADA
BRL,ADA
GBP,ADA
TVK,BTC
TVK,BUSD
BTC,BADGER
BUSD,BADGER
USDT,BADGER
FIS,BTC
FIS,BUSD
FIS,USDT
BRL,DOT
AUD,ADA
TRY,HOT
EGLD,EUR
OM,BTC
OM,BUSD
USDT,OM
POND,BTC
POND,BUSD
POND,USDT
DEGO,BTC
DEGO,BUSD
DEGO,USDT
AVAX,EUR
TRY,BTT
CHZ,BRL
EUR,UNI
BTC,ALICE
BUSD,ALICE
USDT,ALICE
CHZ,BUSD
CHZ,EUR
CHZ,GBP
BIFI,BNB
BUSD,BIFI
LINA,BTC
LINA,BUSD
LINA,USDT
RUB,ADA
ENJ,BRL
ENJ,EUR
MATIC,EUR
TRY,NEO
BTC,PERP
BUSD,PERP
USDT,PERP
RAMP,BTC
RAMP,BUSD
RAMP,USDT
BTC,SUPER
BUSD,SUPER
USDT,SUPER
CFX,BTC
CFX,BUSD
CFX,USDT
ENJ,GBP
TRY,EOS
GBP,LTC
LUNA,EUR
TRY,RVN
EUR,THETA
XVG,BUSD
EPS,BTC
EPS,BUSD
EPS,USDT
AUTO,BTC
AUTO,BUSD
AUTO,USDT
TKO,BTC
BIDR,TKO
TKO,BUSD
USDT,TKO
ETH,PUNDIX
USDT,PUNDIX
BRL,BTT
EUR,BTT
EUR,HOT
WIN,EUR
TLM,BTC
BUSD,TLM
USDT,TLM
BTG,BUSD
USDT,BTG
BUSD,HOT
UAH,BNB
TRY,ONT
VET,EUR
VET,GBP
WIN,BRL
MIR,BTC
MIR,BUSD
MIR,USDT
BTC,BAR
BUSD,BAR
USDT,BAR
FORTH,BTC
FORTH,BUSD
FORTH,USDT
GBP,CAKE
DOGE,RUB
BRL,HOT
EUR,WRX
BAKE,USDT
BUSD,BURGER
USDT,BURGER
BUSD,SLP
USDT,SLP
TRX,AUD
TRX,EUR
VET,TRY
SHIB,USDT
SHIB,BUSD
ICP,BTC
ICP,BNB
ICP,BUSD
ICP,USDT
SHIB,EUR
SHIB,RUB
ETC,EUR
ETC,BRL
BIDR,DOGE
AR,BTC
AR,BNB
AR,BUSD
USDT,AR
POLS,BTC
POLS,BNB
POLS,BUSD
POLS,USDT
MDX,BTC
MDX,BNB
MDX,BUSD
USDT,MDX
MASK,BNB
BUSD,MASK
USDT,MASK
LPT,BTC
LPT,BNB
LPT,BUSD
USDT,LPT
UAH,ETH
BRL,MATIC
SOL,EUR
SHIB,BRL
AGIX,BTC
ICP,EUR
MATIC,GBP
SHIB,TRY
BIDR,MATIC
MATIC,RUB
NU,BTC
NU,BNB
NU,BUSD
NU,USDT
USDT,XVG
RLC,BUSD
CELR,BUSD
BUSD,ATM
ZEN,BUSD
FTM,BUSD
BUSD,THETA
WIN,BUSD
KAVA,BUSD
BUSD,XEM
ATA,BTC
ATA,BNB
ATA,BUSD
ATA,USDT
BTC,GTC
GTC,BNB
BUSD,GTC
USDT,GTC
TORN,BTC
TORN,BNB
TORN,BUSD
USDT,TORN
MATIC,TRY
ETC,GBP
SOL,GBP
BAKE,BTC
BUSD,COTI
BTC,KEEP
BNB,KEEP
BUSD,KEEP
USDT,KEEP
SOL,TRY
RUNE,GBP
SOL,BRL
SC,BUSD
CHR,BUSD
STMX,BUSD
HNT,BUSD
FTT,BUSD
BUSD,DOCK
BIDR,ADA
ERN,BNB
BUSD,ERN
USDT,ERN
KLAY,BTC
KLAY,BNB
KLAY,BUSD
KLAY,USDT
RUNE,EUR
MATIC,AUD
RUB,DOT
BUSD,UTK
IOTX,BUSD
PHA,USDT
SOL,RUB
RUNE,AUD
UAH,BUSD
BTC,BOND
BOND,BNB
BUSD,BOND
USDT,BOND
MLN,BTC
MLN,BNB
MLN,BUSD
USDT,MLN
GRT,TRY
BRL,CAKE
ICP,RUB
AUD,DOT
AAVE,BRL
EOS,AUD
USDT,DEXE
BUSD,LTO
ADX,BUSD
BTC,QUICK
BNB,QUICK
BUSD,QUICK
USDT,C98
BUSD,C98
C98,BNB
BTC,C98
CLV,BTC
CLV,BNB
CLV,BUSD
CLV,USDT
QNT,BTC
QNT,BNB
QNT,BUSD
QNT,USDT
BTC,FLOW
BNB,FLOW
BUSD,FLOW
USDT,FLOW
BUSD,XEC
BRL,AXS
AXS,AUD
TVK,USDT
BTC,MINA
BNB,MINA
BUSD,MINA
USDT,MINA
RAY,BNB
RAY,BUSD
RAY,USDT
FARM,BTC
FARM,BNB
FARM,BUSD
USDT,FARM
ALPACA,BTC
ALPACA,BNB
ALPACA,BUSD
ALPACA,USDT
TRY,TLM
USDT,QUICK
ORN,BUSD
MBOX,BTC
MBOX,BNB
MBOX,BUSD
MBOX,USDT
VGX,BTC
ETH,VGX
USDT,FOR
REQ,USDT
GHST,USDT
TRU,RUB
BRL,FIS
USDT,WAXP
WAXP,BUSD
WAXP,BNB
WAXP,BTC
BTC,TRIBE
TRIBE,BNB
BUSD,TRIBE
USDT,TRIBE
USDT,GNO
BUSD,GNO
BNB,GNO
BTC,GNO
TRY,ARPA
PROM,BTC
MTL,BUSD
BUSD,OGN
USDT,XEC
BRL,C98
SOL,AUD
BIDR,XRP
POLY,BUSD
ELF,USDT
DYDX,USDT
DYDX,BUSD
DYDX,BNB
DYDX,BTC
ELF,BUSD
POLY,USDT
USDT,IDEX
VIDT,USDT
SOL,BIDR
USDP,BTC
ETH,USDP
USDP,BNB
USDP,BUSD
USDP,USDT
USDT,GALA
BUSD,GALA
GALA,BNB
BTC,GALA
BIDR,FTM
BIDR,ALGO
AUD,CAKE
KSM,AUD
WAVES,RUB
SUN,BUSD
ILV,USDT
ILV,BUSD
ILV,BNB
ILV,BTC
REN,BUSD
YGG,USDT
YGG,BUSD
YGG,BNB
YGG,BTC
STX,BUSD
SYS,USDT
USDT,DF
SOL,USDC
RUB,ARPA
UAH,LTC
BUSD,FET
BUSD,ARPA
BUSD,LSK
BIDR,AVAX
BIDR,ALICE
FIDA,USDT
FIDA,BUSD
FIDA,BNB
FIDA,BTC
BUSD,DENT
USDT,FRONT
CVP,USDT
AGLD,BTC
AGLD,BNB
AGLD,BUSD
AGLD,USDT
RAD,BTC
RAD,BNB
RAD,BUSD
USDT,RAD
AUD,UNI
BUSD,HIVE
STPT,BUSD
BETA,BTC
BETA,BNB
BETA,BUSD
BETA,USDT
SHIB,AUD
RARE,BTC
RARE,BNB
RARE,BUSD
USDT,RARE
BRL,AVAX
AUD,AVAX
AUD,LUNA
TROY,BUSD
ETH,AXS
ETH,FTM
SOL,ETH
BTC,SSV
ETH,SSV
LAZIO,TRY
LAZIO,EUR
LAZIO,BTC
LAZIO,USDT
BTC,CHESS
BNB,CHESS
BUSD,CHESS
USDT,CHESS
FTM,AUD
FTM,BRL
BUSD,SCRT
ADX,USDT
USDT,AUCTION
CELO,BUSD
FTM,RUB
NU,AUD
NU,RUB
TRY,REEF
BIDR,REEF
DOGE,SHIB
DAR,USDT
DAR,BUSD
DAR,BNB
DAR,BTC
BNX,BTC
BNX,BNB
BNX,BUSD
USDT,BNX
RGT,USDT
RGT,BTC
RGT,BUSD
RGT,BNB
LAZIO,BUSD
OXT,BUSD
MANA,TRY
ALGO,RUB
UAH,SHIB
BIDR,LUNA
AUD,USDC
MOVR,BTC
MOVR,BNB
MOVR,BUSD
USDT,MOVR
BTC,CITY
BNB,CITY
BUSD,CITY
USDT,CITY
ENS,BTC
ENS,BNB
BUSD,ENS
USDT,ENS
SAND,ETH
ETH,DOT
ETH,MATIC
ANKR,BUSD
SAND,TRY
MANA,BRL
USDT,KP3R
USDT,QI
QI,BUSD
QI,BNB
QI,BTC
BTC,PORTO
USDT,PORTO
TRY,PORTO
EUR,PORTO
USDT,POWR
BUSD,POWR
ETH,AVAX
TRY,SLP
FIS,TRY
TRY,LRC
ETH,CHR
BIDR,FIS
USDT,VGX
ETH,GALA
JASMY,USDT
JASMY,BUSD
JASMY,BNB
JASMY,BTC
AMP,BTC
AMP,BNB
AMP,BUSD
AMP,USDT
PLA,BTC
PLA,BNB
BUSD,PLA
USDT,PLA
PYR,BTC
PYR,BUSD
USDT,PYR
BTC,RNDR
USDT,RNDR
BUSD,RNDR
ALCX,BTC
ALCX,BUSD
ALCX,USDT
BTC,SANTOS
USDT,SANTOS
BRL,SANTOS
TRY,SANTOS
BTC,MC
BUSD,MC
USDT,MC
BEL,TRY
COCOS,BUSD
TRY,DENT
ENJ,TRY
NEO,RUB
SAND,AUD
BIDR,SLP
ANY,BTC
ANY,BUSD
ANY,USDT
BICO,BTC
BICO,BUSD
BICO,USDT
FLUX,BTC
FLUX,BUSD
USDT,FLUX
TRY,ALICE
USDT,FXS
BRL,GALA
TRY,GALA
TRY,LUNA
REQ,BUSD
SAND,BRL
BIDR,MANA
SAND,BIDR
VOXEL,BTC
VOXEL,BNB
VOXEL,BUSD
VOXEL,USDT
BUSD,COS
CTXC,BUSD
FTM,TRY
MANA,BNB
TRY,MINA
TRY,XTZ
HIGH,BTC
HIGH,BUSD
HIGH,USDT
CVX,BTC
CVX,BUSD
USDT,CVX
BTC,PEOPLE
BUSD,PEOPLE
USDT,PEOPLE
OOKI,BUSD
OOKI,USDT
COCOS,TRY
BNB,GXS
BNB,LINK
ETH,LUNA
BUSD,MDT
NULS,BUSD
SPELL,BTC
SPELL,USDT
SPELL,BUSD
UST,BTC
UST,BUSD
UST,USDT
JOE,BTC
JOE,BUSD
USDT,JOE
ETH,ATOM
DUSK,BUSD
ETH,EGLD
ICP,ETH
BRL,LUNA
UST,LUNA
ETH,NEAR
ROSE,BNB
VOXEL,ETH
ALICE,BNB
TRY,ATOM
UST,ETH
AUD,GALA
BNB,LRC
ETH,ONE
OOKI,BNB
BTC,ACH
BUSD,ACH
USDT,ACH
BTC,IMX
BUSD,IMX
USDT,IMX
GLMR,BTC
BUSD,GLMR
USDT,GLMR
BIDR,ATOM
DYDX,ETH
ETH,FARM
FOR,BNB
ICP,TRY
JASMY,ETH
LINA,BNB
ETH,OOKI
ROSE,ETH
UMA,BUSD
ETH,UNI
ETH,XTZ
LOKA,BTC
LOKA,BNB
LOKA,BUSD
USDT,LOKA
BRL,ATOM
UST,BNB
ETH,CRV
HIGH,BNB
RUB,NEAR
ROSE,TRY
USDT,SCRT
API3,BTC
BUSD,API3
USDT,API3
BTTC,USDT
BTTC,USDC
BTTC,TRY
ACA,BTC
ACA,BUSD
USDT,ACA
ANC,BTC
BUSD,ANC
USDT,ANC
BTC,XNO
ETH,XNO
BUSD,XNO
USDT,XNO
TRY,COS
ETH,KAVA
MC,BNB
ONE,TRY
BTC,WOO
BNB,WOO
BUSD,WOO
USDT,WOO
CELR,ETH
PEOPLE,BNB
BNB,SLP
SPELL,BNB
SPELL,TRY
TFUEL,BUSD
TRY,AXS
DAR,TRY
TRY,NEAR
BNB,IDEX
EUR,ALPINE
TRY,ALPINE
USDT,ALPINE
BTC,ALPINE
T,USDT
T,BUSD
API3,BNB
BETA,ETH
TRY,INJ
TLM,BNB
BUSD,ASTR
USDT,ASTR
TRY,API3
GLMR,BNB
TRY,MBOX
GMT,BTC
GMT,BNB
GMT,BUSD
GMT,USDT
ANC,BNB
ATOM,EUR
GALA,EUR
KSM,ETH
UMA,TRY
KDA,BTC
KDA,BUSD
USDT,KDA
USDT,APE
APE,BUSD
APE,BTC
BUSD,ALPINE
GBP,LUNA
EUR,NEAR
TWT,TRY
WAVES,EUR
APE,EUR
GBP,APE
TRY,APE
BSW,USDT
BSW,BUSD
BSW,BNB
APE,BNB
GMT,BRL
GMT,ETH
JASMY,TRY
BUSD,SANTOS
APE,AUD
USDT,BIFI
GMT,EUR
IMX,BNB
RUNE,ETH
GBP,AVAX
MULTI,BTC
BUSD,MULTI
USDT,MULTI
ETH,APE
BSW,ETH
TRY,FIL
FTM,EUR
GMT,GBP
TRY,ZIL
GMT,TRY
WAVES,TRY
UST,BTC
BTC,ASTR
ETH,ASTR
BSW,TRY
ETH,FTT
FUN,BNB
BUSD,PORTO
STEEM,USDT
EUR,ZIL
BRL,APE
TRY,AUDIO
BTTC,BUSD
GMT,AUD
MBL,BUSD
USDT,MOB
BUSD,MOB
MOB,BTC
NEXO,USDT
NEXO,BUSD
NEXO,BTC
USDT,REI
REI,BNB
ETH,REI
USDT,GAL
GAL,BUSD
GAL,BNB
GAL,BTC
JASMY,EUR
KNC,BNB
SHIB,GBP
GAL,EUR
TRY,GAL
LDO,BUSD
USDT,LDO
LDO,BTC
TRY,ENS
DAR,EUR
DAR,ETH
ETH,ALGO
TRY,ALGO
ETH,GAL
RUNE,TRY
BRL,GAL
STEEM,BUSD
CVC,BUSD
REI,BUSD
DREP,BUSD
BUSD,AKRO
BUSD,PUNDIX
LUNC,BUSD
BUSD,USTC
OP,BTC
OP,BUSD
USDT,OP
BUSD,OG
KEY,BUSD
BUSD,ASR
FIRO,BUSD
BUSD,NKN
OP,BNB
OP,EUR
GTO,BUSD
ETH,SNX
BUSD,WBTC
BEL,ETH
ETH,LIT
USDT,LEVER
LEVER,BUSD
ETH,BURGER
ETH,PEOPLE
UNFI,ETH
ETH,BOND
STORJ,TRY
ETH,OP
ETC,TRY
ETH,WING
ETH,FIL
BUSD,GLM
BUSD,SSV
STG,BTC
STG,BUSD
STG,USDT
ANKR,TRY
ARK,BUSD
BETH,BUSD
BUSD,LOOM
SNM,BUSD
BUSD,AMB
LUNC,USDT
BUSD,PHB
GAS,BUSD
NEBL,BUSD
PROS,BUSD
VIB,BUSD
BTC,GMX
BUSD,GMX
USDT,GMX
AGIX,BUSD
NEBL,USDT
SNT,BUSD
POLYX,BTC
POLYX,BUSD
POLYX,USDT
APT,BTC
APT,USDT
APT,BUSD
PLN,BTC
ETH,PLN
PLN,BUSD
APT,EUR
APT,TRY
APT,BRL
QKC,BUSD
BTC,OSMO
USDT,OSMO
BUSD,OSMO
HFT,BTC
HFT,BUSD
HFT,USDT
ETH,ARPA
USDT,PHB
VITE,BUSD
HOOK,BTC
HOOK,USDT
HOOK,BUSD
HOOK,BNB
BTC,MAGIC
BUSD,MAGIC
USDT,MAGIC
RON,BUSD
BTC,RPL
BUSD,RPL
USDT,RPL
PROS,USDT
TRY,FET
AGIX,USDT
APT,ETH
RON,BTC
SYN,BTC
SYN,USDT
VIB,USDT
USDT,SSV
USDT,LQTY
LQTY,BTC
USDT,AMB
USDT,BETH
CFX,TRY
STX,TRY
USDT,USTC
GAS,USDT
USDT,GLM
PROM,USDT
QKC,USDT
UFT,USDT
ID,BTC
ID,BNB
ID,USDT
ARB,BTC
USDT,ARB
AGIX,TRY
USDT,LOOM
OAX,USDT
TUSD,ARB
TRY,ARB
ARB,EUR
TUSD,ID
ID,TRY
ID,EUR
TUSD,LDO
TUSD,MATIC
TUSD,OP
SOL,TUSD
TUSD,SSV
RDNT,BTC
RDNT,USDT
TUSD,RDNT
RUB,ARB
TRY,JOE
TRY,MAGIC
USDT,PLN
TRY,ACH
TRY,XVS
RON,EGLD
RON,USDT
ARS,USDT
DOGE,TUSD
USDT,WBTC
USDT,EDU
TUSD,EDU
EDU,BNB
EDU,BTC
EDU,EUR
TRY,EDU
USDT,SUI
TUSD,SUI
SUI,BTC
SUI,BNB
SUI,EUR
TRY,SUI
USDT,AERGO
TRY,RNDR
PEPE,USDT
PEPE,TUSD
FLOKI,USDT
FLOKI,TUSD
TRY,OG
PEPE,TRY
USDT,AST
SNT,USDT
FLOKI,TRY
TRY,CITY
USDT,COMBO
COMBO,BNB
TRY,COMBO
TRY,LTC
TRY,RAD
ARS,BTC
TRY,OP
PAXG,TRY
MAV,BTC
USDT,MAV
TUSD,MAV
CFX,TUSD
PENDLE,BTC
PENDLE,USDT
PENDLE,TUSD
TRY,MAV
TRY,OCEAN
TUSD,TRY
ETH,ARB
BCH,TRY
TRY,XVG
TUSD,XVG
USDT,ARKM
TUSD,ARKM
TRY,ARKM
ARKM,BNB
BTC,ARKM
TRY,ACA
TUSD,AVAX
TUSD,COMP
TRY,COMP
TRY,XEC
TUSD,QUICK
USDT,WLD
BTC,WLD
FDUSD,BNB
FDUSD,BUSD
FDUSD,USDT
RUB,ARKM
TRY,WLD
RUB,WLD
AMP,TRY
TRY,OGN
FDUSD,BTC
ETH,FDUSD
TRY,ASR
TRY,ATM
TRY,ACM
TRY,BAR
JUV,TRY
PSG,TRY
SEI,BNB
SEI,BTC
FDUSD,SEI
TRY,SEI
USDT,SEI
CYBER,BNB
CYBER,BTC
CYBER,FDUSD
CYBER,TRY
CYBER,USDT
CYBER,TUSD
TUSD,SEI
TRY,LPT
TRY,UNI
SOL,FDUSD
TRY,TOMO
UNFI,TRY
FDUSD,XRP
DOGE,FDUSD
CYBER,ETH
TRY,MTL
ARK,USDT
CREAM,USDT
USDT,IQ
VAI,USDT
FDUSD,ARB
FDUSD,TRY
TRY,FRONT
FDUSD,SUI
BTC,NTRN
USDT,NTRN
NTRN,BNB
FDUSD,FIL
TUSD,FRONT
TRY,LEVER
FDUSD,LTC
FDUSD,ADA
RUNE,TUSD
TRB,TRY
FDUSD,ATOM
FDUSD,AVAX
TRY,BAND
BCH,FDUSD
TRY,LOOM
FDUSD,MATIC
FDUSD,ALGO
FDUSD,DOT
FDUSD,FTM
FDUSD,LINK
FDUSD,NEAR
STRAX,TRY
TIA,BTC
TIA,USDT
TIA,TRY
MEME,BNB
USDT,MEME
FDUSD,MEME
TUSD,MEME
TRY,MEME
BTC,ORDI
USDT,ORDI
TRY,ORDI
FDUSD,EGLD
FDUSD,FET
GAS,FDUSD
ETH,INJ
TUSD,INJ
FDUSD,OP
FDUSD,ORDI
TUSD,ORDI
FDUSD,RNDR
TUSD,SHIB
USDT,BEAMX
ARK,TRY
TRY,BEAMX
TRY,CAKE
TUSD,CAKE
DYDX,FDUSD
PIVX,USDT
RUNE,FDUSD
TUSD,TIA
TUSD,DOT
FDUSD,GALA
FDUSD,WLD
GAS,TRY
TRY,NTRN
VIC,BTC
VIC,USDT
VIC,TRY
BLUR,BTC
BLUR,USDT
BLUR,TRY
BLUR,FDUSD
FDUSD,SUPER
FDUSD,USTC
TRY,USTC
DYDX,TRY
VANRY,USDT
VANRY,BTC
AEUR,BTC
USDT,AEUR
ETH,AEUR
AEUR,EUR
FDUSD,AUCTION
FDUSD,IOTA
LUNC,TRY
TRY,SUPER
USDT,JTO
FDUSD,JTO
TRY,JTO
USDT,1000SATS
FDUSD,1000SATS
TRY,1000SATS
FDUSD,SHIB
SAND,FDUSD
ETH,MEME
TRY,IOTA
FDUSD,INJ
FIDA,TRY
USDT,BONK
FDUSD,BONK
TRY,BONK
FDUSD,ACE
USDT,ACE
ACE,BNB
BTC,ACE
TRY,ACE
BLZ,FDUSD
TRY,RARE
VANRY,TRY
BTC,NFP
USDT,NFP
NFP,BNB
FDUSD,NFP
TUSD,NFP
TRY,NFP
ARB,USDC
USDC,AVAX
USDC,DOT
INJ,USDC
MATIC,USDC
OP,USDC
USDC,ORDI
AI,BTC
AI,USDT
AI,BNB
AI,FDUSD
TUSD,AI
AI,TRY
ICP,FDUSD
FDUSD,LDO
TRY,MOVR
XAI,BTC
XAI,USDT
XAI,BNB
FDUSD,XAI
TUSD,XAI
XAI,TRY
SKL,TRY
STX,FDUSD
FDUSD,TIA
MANTA,BTC
USDT,MANTA
MANTA,BNB
FDUSD,MANTA
TRY,MANTA
FDUSD,ENS
ETC,FDUSD
SUI,USDC
TIA,USDC
CHZ,FDUSD
MANTA,USDC
BTC,ALT
USDT,ALT
BNB,ALT
FDUSD,ALT
TRY,ALT
APT,FDUSD
BLUR,USDC
USDT,JUP
FDUSD,JUP
TRY,JUP
USDC,ALT
FDUSD,MAGIC
SEI,USDC
PYTH,BTC
PYTH,USDT
FDUSD,PYTH
PYTH,TRY
RONIN,BTC
RONIN,USDT
FDUSD,RONIN
RONIN,TRY
DYM,BTC
USDT,DYM
FDUSD,DYM
TRY,DYM
JUP,USDC
PENDLE,FDUSD
PIXEL,BTC
PIXEL,BNB
USDT,PIXEL
FDUSD,PIXEL
TRY,PIXEL
STRK,BTC
STRK,USDT
STRK,FDUSD
STRK,TRY
USDC,FIL
TRY,HBAR
PENDLE,TRY
USDC,WLD
TRY,CKB
TRY,COTI
TRY,LDO
USDC,UNI
PORTAL,BTC
USDT,PORTAL
PORTAL,BNB
FDUSD,PORTAL
TRY,PORTAL
AXL,BTC
AXL,USDT
FDUSD,AXL
AXL,TRY
PEPE,FDUSD
PIXEL,USDC
STRK,USDC
FDUSD,UNI
TRY,OM
TRY,THETA
WIF,BTC
WIF,USDT
WIF,FDUSD
WIF,TRY
FDUSD,AGIX
PEPE,USDC
SHIB,USDC
FDUSD,THETA
TRY,AR
METIS,BTC
METIS,USDT
METIS,FDUSD
METIS,TRY
JPY,BNB
BTC,JPY
ETH,JPY
FLOKI,FDUSD
GRT,FDUSD
USDC,NEAR
TRY,SNX
BTC,AEVO
USDT,AEVO
AEVO,BNB
FDUSD,AEVO
TRY,AEVO
FET,USDC
TRY,IMX
USDC,EUR
TRY,BOME
BTC,BOME
USDT,BOME
FDUSD,BOME
BTC,ETHFI
USDT,ETHFI
BNB,ETHFI
FDUSD,ETHFI
TRY,ETHFI
AAVE,TRY
FDUSD,ARKM
CRV,TRY
BRL,FET
RAY,FDUSD
EUR,RNDR
USDC,BONK
FLOKI,USDC
TRY,MKR
RAY,TRY
BRL,RNDR
ENA,BTC
ENA,USDT
ENA,BNB
ENA,FDUSD
ENA,TRY
FDUSD,LQTY
TRY,MASK
PENDLE,USDC
RDNT,TRY
BTC,W
USDT,W
FDUSD,W
TRY,W
USDC,BOME
JTO,USDC
WIF,USDC
TNSR,BTC
TNSR,USDT
TNSR,FDUSD
TNSR,TRY
SAGA,BTC
SAGA,USDT
SAGA,BNB
FDUSD,SAGA
SAGA,TRY
USDT,MXN
CKB,USDC
ENA,USDC
USDC,ETHFI
YGG,USDC
TAO,BTC
TAO,USDT
FDUSD,TAO
TAO,TRY
CFX,USDC
USDC,RNDR
RUNE,USDC
SAGA,USDC
POLYX,TRY
OMNI,BTC
OMNI,USDT
OMNI,BNB
FDUSD,OMNI
TRY,OMNI
APT,USDC
USDC,GALA
BRL,OMNI
STX,USDC
ICP,USDC
OMNI,USDC
PEPE,BRL
YGG,TRY
JPY,ADA
SHIB,JPY
SOL,JPY
XRP,JPY
REZ,BTC
USDT,REZ
REZ,BNB
FDUSD,REZ
TRY,REZ
TRY,EGLD
TRY,PHB
TRY,RSR
BB,BTC
BB,USDT
BB,BNB
BB,FDUSD
BB,TRY
USDC,FRONT
TRY,PEOPLE
TRB,USDC
NOT,USDT
NOT,BNB
FDUSD,NOT
NOT,TRY
USDC,ARKM
AR,USDC
BB,USDC
CRV,USDC
USDC,PEOPLE
FDUSD,AR
ENA,EUR
PEPE,EUR
REZ,USDC
TRB,FDUSD
TRY,USDC
BTC,MXN
XRP,MXN
ENS,USDC
LDO,USDC
NOT,USDC
BRL,NEAR
HIGH,TRY
FDUSD,PEOPLE
TNSR,USDC
BTC,IO
USDT,IO
IO,BNB
FDUSD,IO
TRY,IO
BRL,NOT
TRU,TRY
WIF,EUR
ZK,BTC
ZK,USDT
ZK,FDUSD
ZK,TRY
LISTA,USDT
LISTA,BNB
FDUSD,LISTA
TRY,LISTA
BTC,ZRO
USDT,ZRO
FDUSD,ZRO
TRY,ZRO
BRL,LISTA
BAKE,TRY
WIF,BRL
ZK,USDC
USDC,ZRO
USDC,IO
1000SATS,USDC
TRY,BNX
ETH,ARS
BANANA,BTC
BANANA,USDT
BANANA,BNB
BANANA,FDUSD
BANANA,TRY
RENDER,BTC
USDT,RENDER
FDUSD,RENDER
USDC,RENDER
TRY,RENDER
RENDER,EUR
BRL,RENDER
BTC,TON
USDT,TON
FDUSD,TON
TRY,TON
BRL,BONK
NOT,EUR
DOGE,JPY
MATIC,JPY
JPY,NEAR
USDC,TON
FDUSD,AAVE
USDT,DOGS
BNB,DOGS
FDUSD,DOGS
TRY,DOGS
EURI,EUR
EURI,USDT
BRL,DOGS
USDC,DOGS
BRL,RARE
RARE,USDC
SLF,BTC
TRY,SLF
SLF,USDC
USDT,SLF
AAVE,USDC
SUN,TRY
TRY,STMX
POL,BNB
BRL,POL
POL,BTC
ETH,POL
POL,EUR
FDUSD,POL
POL,JPY
TRY,POL
POL,USDC
USDT,POL
USDT,NEIRO
USDT,TURBO
1MBABYDOGE,USDT
CATI,USDT
CATI,BNB
FDUSD,CATI
CATI,TRY
1MBABYDOGE,FDUSD
1MBABYDOGE,TRY
CATI,BRL
EURI,BTC
FDUSD,NEIRO
TRY,NEIRO
USDT,HMSTR
BNB,HMSTR
FDUSD,HMSTR
TRY,HMSTR
BTC,EIGEN
USDT,EIGEN
FDUSD,EIGEN
TRY,EIGEN
BRL,NEIRO
EUR,NEIRO
USDT,SCR
BRL,SUI
TRY,TURBO
BTC,SCR
FDUSD,SCR
TRY,SCR
USDT,COW
CETUS,USDT
USDT,PNUT
ACT,USDT
ACT,TRY
TRY,COW
CETUS,TRY
TROY,TRY
TRY,PNUT
ACT,FDUSD
ACT,USDC
USDC,NEIRO
BTC,PNUT
FDUSD,PNUT
USDC,PNUT
USDT,USUAL
ACT,BRL
ACT,EUR
CATI,USDC
EURI,ETH
BRL,PNUT
EUR,PNUT
FDUSD,APE
FDUSD,USDC
USDC,HBAR
OM,USDC
RAY,USDC
TAO,USDC
FDUSD,TURBO
THE,BTC
THE,BNB
THE,FDUSD
THE,TRY
THE,USDT
APE,USDC
BOME,EUR
USDC,EIGEN
FDUSD,HBAR
MEME,USDC
TROY,USDC
EUR,WLD
1MBABYDOGE,USDC
CETUS,USDC
USDC,COW
DYDX,USDC
USDC,HMSTR
USDC,TURBO
ENA,BRL
FDUSD,EOS
SAND,USDC
FDUSD,XLM
CHZ,USDC
PYTH,USDC
RSR,USDC
FDUSD,RSR
USDC,W
USDC,XTZ
USDT,ACX
ORCA,USDT
MOVE,BTC
MOVE,USDT
MOVE,BNB
MOVE,FDUSD
MOVE,TRY
ME,BTC
ME,USDT
ME,FDUSD
ME,TRY
USDC,ACX
ORCA,USDC
FDUSD,ACX
FDUSD,ORCA
TRY,ACX
ORCA,TRY
KSM,TRY
TRY,CELO
FDUSD,HIVE
USDC,HIVE
FDUSD,IDEX
USDC,IDEX
FDUSD,TLM
TLM,USDC
USDT,VANA
VANA,BNB
FDUSD,VANA
TRY,VANA
1000CAT,USDT
1000CAT,BNB
1000CAT,FDUSD
1000CAT,TRY
USDT,PENGU
PENGU,BNB
FDUSD,PENGU
TRY,PENGU
BTC,USUAL
FDUSD,USUAL
TRY,USUAL
1000CAT,USDC
USDC,PENGU
USDT,BIO
BIO,BNB
FDUSD,BIO
TRY,BIO
BIO,USDC
TRY,HIVE
MOVE,USDC
PHA,TRY
TRY,SUSHI
APT,JPY
SUI,JPY
XLM,JPY
PEPE,JPY
PHA,USDC
PLN,USDC
STEEM,USDC
USDC,USUAL
USDT,AIXBT
USDC,AIXBT
BTC,S
S,BNB
ETH,S
EUR,S
FDUSD,S
TRY,S
USDC,S
USDT,S
IOTX,JPY
SEI,JPY
SOLV,USDT
SOLV,BNB
SOLV,FDUSD
SOLV,TRY
USDT,TRUMP
USDC,TRUMP
TRY,AIXBT
TRY,TRUMP
USDT,ANIME
USDC,ANIME
BNB,ANIME
FDUSD,ANIME
TRY,ANIME
BERA,BTC
USDT,BERA
BERA,USDC
FDUSD,BERA
BERA,BNB
TRY,BERA
TST,USDT
TST,USDC
LAYER,BTC
LAYER,USDT
LAYER,USDC
LAYER,BNB
LAYER,FDUSD
LAYER,TRY
QTUM,TRY
EUR,TRUMP
TRY,VTHO
HEI,BTC
HEI,USDT
USDC,CAKE
HEI,USDC
FDUSD,TRUMP
TST,FDUSD
BNX,USDC
LTC,JPY
BCH,JPY
JPY,LINK
KAITO,BTC
USDT,KAITO
KAITO,USDC
KAITO,BNB
FDUSD,KAITO
TRY,KAITO
ETH,MXN
BRL,KAITO
SOL,MXN
ARS,BNB
SOL,ARS
BRL,TRUMP
TRX,FDUSD
TST,TRY
SHELL,BTC
USDT,SHELL
SHELL,USDC
SHELL,BNB
FDUSD,SHELL
TRY,SHELL
RED,USDT
USDT,GPS
GPS,USDC
FDUSD,GPS
TRY,GPS
GPS,BNB
RED,BTC
RED,USDC
RED,FDUSD
RED,TRY
USDC,CHESS
EGLD,USDC
USDC,OSMO
USDC,UTK
T,USDC
CVC,USDC
EURI,USDC
SYN,USDC
RON,USDC
USDC,DF
USDC,GMX
USDC,MKR
USDC,RPL
BMT,USDT
BMT,USDC
BMT,BNB
FDUSD,BMT
BMT,TRY
FORM,USDC
FORM,USDT
FORM,TRY
USDC,IOTA
JUV,USDC
THE,USDC
VANRY,USDC
USDT,NIL
BNB,NIL
FDUSD,NIL
USDC,NIL
TRY,NIL
USDC,BEAMX
VANA,USDC
FDUSD,PARTI
TRY,PARTI
USDT,PARTI
USDC,PARTI
BNB,PARTI
MUBARAK,USDT
MUBARAK,USDC
GUN,USDT
GUN,BNB
GUN,FDUSD
GUN,TRY
USDC,THETA
API3,USDC
TRY,AUCTION
USDC,AUCTION
BANANA,USDC
GUN,USDC
QNT,USDC
VET,USDC
ZEN,USDC
BABY,USDT
BABY,USDC
BABY,BNB
BABY,FDUSD
BABY,TRY
ONDO,USDT
ONDO,USDC
VIRTUAL,USDT
VIRTUAL,USDC
KERNEL,BNB
KERNEL,FDUSD
KERNEL,TRY
KERNEL,USDC
KERNEL,USDT
WCT,TRY
FDUSD,WCT
WCT,BNB
WCT,USDC
WCT,USDT
PAXG,USDC
ONDO,TRY
BABY,EUR
USDC,ACH
GMT,USDC
HYPER,USDT
HYPER,USDC
HYPER,BNB
FDUSD,HYPER
HYPER,TRY
INIT,USDT
INIT,USDC
INIT,BNB
FDUSD,INIT
INIT,TRY
USDT,SIGN
USDC,SIGN
BNB,SIGN
FDUSD,SIGN
TRY,SIGN
STO,USDT
STO,USDC
STO,BNB
STO,FDUSD
STO,TRY
ENJ,USDC
VIRTUAL,TRY
SYRUP,USDT
SYRUP,USDC
SXT,USDT
SXT,USDC
SXT,BNB
SXT,FDUSD
SXT,TRY
USDC,PUNDIX
SYRUP,TRY
USDT,NXPC
NXPC,USDC
NXPC,BNB
FDUSD,NXPC
TRY,NXPC
USDT,HAEDAL
HAEDAL,USDC
HAEDAL,BNB
FDUSD,HAEDAL
TRY,HAEDAL
USDT,HUMA
USDC,HUMA
HUMA,BNB
FDUSD,HUMA
TRY,HUMA
A,BTC
A,ETH
A,FDUSD
A,TRY
A,USDC
A,USDT
SOPH,USDT
SOPH,USDC
SOPH,BNB
SOPH,FDUSD
SOPH,TRY
MUBARAK,TRY
TRX,JPY
DAI,JPY
USDT,RESOLV
USDC,RESOLV
RESOLV,BNB
FDUSD,RESOLV
TRY,RESOLV
HOME,USDT
HOME,USDC
HOME,BNB
HOME,FDUSD
HOME,TRY
FLUX,USDC
MASK,USDC
SUSHI,USDC
SPK,USDT
SPK,USDC
SPK,BNB
SPK,FDUSD
SPK,TRY
USDT,NEWT
USDC,NEWT
NEWT,BNB
FDUSD,NEWT
TRY,NEWT
JPY,NEIRO
USDT,SAHARA
SAHARA,USDC
SAHARA,BNB
FDUSD,SAHARA
TRY,SAHARA
LPT,USDC
RVN,USDC
